[
	{
		"inputs": [
			{
				"internalType": "address",
				"name": "_queueManager",
				"type": "address"
			},
			{
				"internalType": "address",
				"name": "_invoiceNFT",
				"type": "address"
			}
		],
		"stateMutability": "nonpayable",
		"type": "constructor"
	},
	{
		"anonymous": false,
		"inputs": [
			{
				"indexed": false,
				"internalType": "address",
				"name": "borrower",
				"type": "address"
			},
			{
				"indexed": false,
				"internalType": "uint256",
				"name": "invoiceId",
				"type": "uint256"
			},
			{
				"indexed": false,
				"internalType": "uint256",
				"name": "netAmount",
				"type": "uint256"
			},
			{
				"indexed": false,
				"internalType": "uint256",
				"name": "fee",
				"type": "uint256"
			}
		],
		"name": "LoanIssued",
		"type": "event"
	},
	{
		"inputs": [],
		"name": "admin",
		"outputs": [
			{
				"internalType": "address",
				"name": "",
				"type": "address"
			}
		],
		"stateMutability": "view",
		"type": "function"
	},
	{
		"inputs": [
			{
				"internalType": "uint256",
				"name": "invoiceId",
				"type": "uint256"
			}
		],
		"name": "executeLoan",
		"outputs": [],
		"stateMutability": "payable",
		"type": "function"
	},
	{
		"inputs": [],
		"name": "invoiceNFT",
		"outputs": [
			{
				"internalType": "contract InvoiceNFT",
				"name": "",
				"type": "address"
			}
		],
		"stateMutability": "view",
		"type": "function"
	},
	{
		"inputs": [
			{
				"internalType": "uint256",
				"name": "",
				"type": "uint256"
			}
		],
		"name": "loanExecuted",
		"outputs": [
			{
				"internalType": "bool",
				"name": "",
				"type": "bool"
			}
		],
		"stateMutability": "view",
		"type": "function"
	},
	{
		"inputs": [],
		"name": "queueManager",
		"outputs": [
			{
				"internalType": "contract LoanQueueManager",
				"name": "",
				"type": "address"
			}
		],
		"stateMutability": "view",
		"type": "function"
	},
	{
		"inputs": [],
		"name": "withdraw",
		"outputs": [],
		"stateMutability": "nonpayable",
		"type": "function"
	},
	{
		"stateMutability": "payable",
		"type": "receive"
	}
]