[
	{
		"inputs": [
			{
				"internalType": "address",
				"name": "_lotteryEngine",
				"type": "address"
			},
			{
				"internalType": "address",
				"name": "_tokenScore",
				"type": "address"
			}
		],
		"stateMutability": "nonpayable",
		"type": "constructor"
	},
	{
		"anonymous": false,
		"inputs": [
			{
				"indexed": false,
				"internalType": "address[]",
				"name": "currentQueue",
				"type": "address[]"
			}
		],
		"name": "QueueUpdated",
		"type": "event"
	},
	{
		"anonymous": false,
		"inputs": [
			{
				"indexed": false,
				"internalType": "address",
				"name": "newWinner",
				"type": "address"
			}
		],
		"name": "WinnerAdded",
		"type": "event"
	},
	{
		"anonymous": false,
		"inputs": [
			{
				"indexed": false,
				"internalType": "address",
				"name": "cancelled",
				"type": "address"
			}
		],
		"name": "WinnerCancelled",
		"type": "event"
	},
	{
		"inputs": [
			{
				"internalType": "uint256",
				"name": "index",
				"type": "uint256"
			}
		],
		"name": "cancelAndReplace",
		"outputs": [],
		"stateMutability": "nonpayable",
		"type": "function"
	},
	{
		"inputs": [
			{
				"internalType": "uint256",
				"name": "count",
				"type": "uint256"
			}
		],
		"name": "fillQueue",
		"outputs": [],
		"stateMutability": "nonpayable",
		"type": "function"
	},
	{
		"inputs": [],
		"name": "getQueue",
		"outputs": [
			{
				"internalType": "address[]",
				"name": "",
				"type": "address[]"
			}
		],
		"stateMutability": "view",
		"type": "function"
	},
	{
		"inputs": [],
		"name": "lotteryEngine",
		"outputs": [
			{
				"internalType": "contract LotteryEngine",
				"name": "",
				"type": "address"
			}
		],
		"stateMutability": "view",
		"type": "function"
	},
	{
		"inputs": [],
		"name": "tokenScore",
		"outputs": [
			{
				"internalType": "contract TokenScore",
				"name": "",
				"type": "address"
			}
		],
		"stateMutability": "view",
		"type": "function"
	},
	{
		"inputs": [
			{
				"internalType": "uint256",
				"name": "",
				"type": "uint256"
			}
		],
		"name": "winnerQueue",
		"outputs": [
			{
				"internalType": "address",
				"name": "",
				"type": "address"
			}
		],
		"stateMutability": "view",
		"type": "function"
	}
]