[
	{
		"inputs": [
			{
				"internalType": "address",
				"name": "admin",
				"type": "address"
			},
			{
				"internalType": "address",
				"name": "_tokenScore",
				"type": "address"
			}
		],
		"stateMutability": "nonpayable",
		"type": "constructor"
	},
	{
		"inputs": [
			{
				"internalType": "address",
				"name": "owner",
				"type": "address"
			}
		],
		"name": "OwnableInvalidOwner",
		"type": "error"
	},
	{
		"inputs": [
			{
				"internalType": "address",
				"name": "account",
				"type": "address"
			}
		],
		"name": "OwnableUnauthorizedAccount",
		"type": "error"
	},
	{
		"anonymous": false,
		"inputs": [
			{
				"indexed": false,
				"internalType": "uint256",
				"name": "invoiceId",
				"type": "uint256"
			}
		],
		"name": "Finalized",
		"type": "event"
	},
	{
		"anonymous": false,
		"inputs": [
			{
				"indexed": true,
				"internalType": "address",
				"name": "previousOwner",
				"type": "address"
			},
			{
				"indexed": true,
				"internalType": "address",
				"name": "newOwner",
				"type": "address"
			}
		],
		"name": "OwnershipTransferred",
		"type": "event"
	},
	{
		"anonymous": false,
		"inputs": [],
		"name": "VaultsUpdated",
		"type": "event"
	},
	{
		"anonymous": false,
		"inputs": [
			{
				"indexed": true,
				"internalType": "uint256",
				"name": "invoiceId",
				"type": "uint256"
			},
			{
				"indexed": false,
				"internalType": "address",
				"name": "vault",
				"type": "address"
			}
		],
		"name": "WinnerSelected",
		"type": "event"
	},
	{
		"inputs": [
			{
				"internalType": "uint256",
				"name": "",
				"type": "uint256"
			}
		],
		"name": "allVaults",
		"outputs": [
			{
				"internalType": "address",
				"name": "",
				"type": "address"
			}
		],
		"stateMutability": "view",
		"type": "function"
	},
	{
		"inputs": [
			{
				"internalType": "uint256",
				"name": "invoiceId",
				"type": "uint256"
			}
		],
		"name": "finalize",
		"outputs": [],
		"stateMutability": "nonpayable",
		"type": "function"
	},
	{
		"inputs": [
			{
				"internalType": "uint256",
				"name": "invoiceId",
				"type": "uint256"
			}
		],
		"name": "getWinningQueue",
		"outputs": [
			{
				"internalType": "address[]",
				"name": "",
				"type": "address[]"
			}
		],
		"stateMutability": "view",
		"type": "function"
	},
	{
		"inputs": [],
		"name": "owner",
		"outputs": [
			{
				"internalType": "address",
				"name": "",
				"type": "address"
			}
		],
		"stateMutability": "view",
		"type": "function"
	},
	{
		"inputs": [],
		"name": "renounceOwnership",
		"outputs": [],
		"stateMutability": "nonpayable",
		"type": "function"
	},
	{
		"inputs": [
			{
				"internalType": "uint256",
				"name": "invoiceId",
				"type": "uint256"
			},
			{
				"internalType": "address[]",
				"name": "selectedWinners",
				"type": "address[]"
			}
		],
		"name": "setWinners",
		"outputs": [],
		"stateMutability": "nonpayable",
		"type": "function"
	},
	{
		"inputs": [],
		"name": "tokenScore",
		"outputs": [
			{
				"internalType": "contract TokenScore",
				"name": "",
				"type": "address"
			}
		],
		"stateMutability": "view",
		"type": "function"
	},
	{
		"inputs": [
			{
				"internalType": "address",
				"name": "newOwner",
				"type": "address"
			}
		],
		"name": "transferOwnership",
		"outputs": [],
		"stateMutability": "nonpayable",
		"type": "function"
	},
	{
		"inputs": [
			{
				"internalType": "address[]",
				"name": "vaults",
				"type": "address[]"
			}
		],
		"name": "updateVaultList",
		"outputs": [],
		"stateMutability": "nonpayable",
		"type": "function"
	}
]