[
	{
		"anonymous": false,
		"inputs": [
			{
				"indexed": false,
				"internalType": "uint256",
				"name": "loanId",
				"type": "uint256"
			},
			{
				"indexed": false,
				"internalType": "address",
				"name": "borrower",
				"type": "address"
			},
			{
				"indexed": false,
				"internalType": "uint256",
				"name": "principal",
				"type": "uint256"
			},
			{
				"indexed": false,
				"internalType": "address[]",
				"name": "executors",
				"type": "address[]"
			}
		],
		"name": "LoanRegistered",
		"type": "event"
	},
	{
		"anonymous": false,
		"inputs": [
			{
				"indexed": false,
				"internalType": "uint256",
				"name": "loanId",
				"type": "uint256"
			},
			{
				"indexed": false,
				"internalType": "uint256",
				"name": "totalAmount",
				"type": "uint256"
			},
			{
				"indexed": false,
				"internalType": "uint256",
				"name": "distributedPerExecutor",
				"type": "uint256"
			}
		],
		"name": "LoanRepaid",
		"type": "event"
	},
	{
		"inputs": [],
		"name": "INTEREST_RATE",
		"outputs": [
			{
				"internalType": "uint256",
				"name": "",
				"type": "uint256"
			}
		],
		"stateMutability": "view",
		"type": "function"
	},
	{
		"inputs": [],
		"name": "TAX_RATE",
		"outputs": [
			{
				"internalType": "uint256",
				"name": "",
				"type": "uint256"
			}
		],
		"stateMutability": "view",
		"type": "function"
	},
	{
		"inputs": [
			{
				"internalType": "uint256",
				"name": "loanId",
				"type": "uint256"
			}
		],
		"name": "getTotalRepayment",
		"outputs": [
			{
				"internalType": "uint256",
				"name": "total",
				"type": "uint256"
			},
			{
				"internalType": "uint256",
				"name": "interest",
				"type": "uint256"
			},
			{
				"internalType": "uint256",
				"name": "tax",
				"type": "uint256"
			}
		],
		"stateMutability": "view",
		"type": "function"
	},
	{
		"inputs": [
			{
				"internalType": "uint256",
				"name": "",
				"type": "uint256"
			}
		],
		"name": "loans",
		"outputs": [
			{
				"internalType": "address",
				"name": "borrower",
				"type": "address"
			},
			{
				"internalType": "uint256",
				"name": "principal",
				"type": "uint256"
			},
			{
				"internalType": "uint256",
				"name": "startTime",
				"type": "uint256"
			},
			{
				"internalType": "bool",
				"name": "repaid",
				"type": "bool"
			}
		],
		"stateMutability": "view",
		"type": "function"
	},
	{
		"inputs": [],
		"name": "nextLoanId",
		"outputs": [
			{
				"internalType": "uint256",
				"name": "",
				"type": "uint256"
			}
		],
		"stateMutability": "view",
		"type": "function"
	},
	{
		"inputs": [
			{
				"internalType": "address",
				"name": "borrower",
				"type": "address"
			},
			{
				"internalType": "uint256",
				"name": "principal",
				"type": "uint256"
			},
			{
				"internalType": "address[]",
				"name": "executors",
				"type": "address[]"
			}
		],
		"name": "registerLoan",
		"outputs": [],
		"stateMutability": "nonpayable",
		"type": "function"
	},
	{
		"inputs": [
			{
				"internalType": "uint256",
				"name": "loanId",
				"type": "uint256"
			}
		],
		"name": "repay",
		"outputs": [],
		"stateMutability": "payable",
		"type": "function"
	},
	{
		"stateMutability": "payable",
		"type": "receive"
	}
]