[
	{
		"inputs": [
			{
				"internalType": "address",
				"name": "admin",
				"type": "address"
			}
		],
		"stateMutability": "nonpayable",
		"type": "constructor"
	},
	{
		"inputs": [
			{
				"internalType": "address",
				"name": "owner",
				"type": "address"
			}
		],
		"name": "OwnableInvalidOwner",
		"type": "error"
	},
	{
		"inputs": [
			{
				"internalType": "address",
				"name": "account",
				"type": "address"
			}
		],
		"name": "OwnableUnauthorizedAccount",
		"type": "error"
	},
	{
		"anonymous": false,
		"inputs": [
			{
				"indexed": true,
				"internalType": "address",
				"name": "vault",
				"type": "address"
			},
			{
				"indexed": false,
				"internalType": "uint256",
				"name": "deposit",
				"type": "uint256"
			}
		],
		"name": "DepositUpdated",
		"type": "event"
	},
	{
		"anonymous": false,
		"inputs": [
			{
				"indexed": true,
				"internalType": "address",
				"name": "previousOwner",
				"type": "address"
			},
			{
				"indexed": true,
				"internalType": "address",
				"name": "newOwner",
				"type": "address"
			}
		],
		"name": "OwnershipTransferred",
		"type": "event"
	},
	{
		"anonymous": false,
		"inputs": [
			{
				"indexed": true,
				"internalType": "address",
				"name": "vault",
				"type": "address"
			},
			{
				"indexed": false,
				"internalType": "uint256",
				"name": "newTotal",
				"type": "uint256"
			}
		],
		"name": "TokenRecovered",
		"type": "event"
	},
	{
		"anonymous": false,
		"inputs": [
			{
				"indexed": true,
				"internalType": "address",
				"name": "vault",
				"type": "address"
			},
			{
				"indexed": false,
				"internalType": "uint256",
				"name": "amount",
				"type": "uint256"
			}
		],
		"name": "TokenUsed",
		"type": "event"
	},
	{
		"inputs": [],
		"name": "MAX_TOKEN",
		"outputs": [
			{
				"internalType": "uint256",
				"name": "",
				"type": "uint256"
			}
		],
		"stateMutability": "view",
		"type": "function"
	},
	{
		"inputs": [],
		"name": "MIN_TOKEN",
		"outputs": [
			{
				"internalType": "uint256",
				"name": "",
				"type": "uint256"
			}
		],
		"stateMutability": "view",
		"type": "function"
	},
	{
		"inputs": [
			{
				"internalType": "uint256",
				"name": "",
				"type": "uint256"
			}
		],
		"name": "allVaults",
		"outputs": [
			{
				"internalType": "address",
				"name": "",
				"type": "address"
			}
		],
		"stateMutability": "view",
		"type": "function"
	},
	{
		"inputs": [
			{
				"internalType": "uint256",
				"name": "",
				"type": "uint256"
			}
		],
		"name": "allVaultsWithToken",
		"outputs": [
			{
				"internalType": "address",
				"name": "vault",
				"type": "address"
			},
			{
				"internalType": "uint256",
				"name": "tokenAtRegister",
				"type": "uint256"
			}
		],
		"stateMutability": "view",
		"type": "function"
	},
	{
		"inputs": [
			{
				"internalType": "uint256",
				"name": "deposit",
				"type": "uint256"
			}
		],
		"name": "calculateDecay",
		"outputs": [
			{
				"internalType": "uint256",
				"name": "",
				"type": "uint256"
			}
		],
		"stateMutability": "pure",
		"type": "function"
	},
	{
		"inputs": [],
		"name": "getAllVaults",
		"outputs": [
			{
				"internalType": "address[]",
				"name": "",
				"type": "address[]"
			}
		],
		"stateMutability": "view",
		"type": "function"
	},
	{
		"inputs": [],
		"name": "getAllVaultsWithToken",
		"outputs": [
			{
				"components": [
					{
						"internalType": "address",
						"name": "vault",
						"type": "address"
					},
					{
						"internalType": "uint256",
						"name": "tokenAtRegister",
						"type": "uint256"
					}
				],
				"internalType": "struct TokenScore.VaultWithToken[]",
				"name": "",
				"type": "tuple[]"
			}
		],
		"stateMutability": "view",
		"type": "function"
	},
	{
		"inputs": [
			{
				"internalType": "address",
				"name": "vault",
				"type": "address"
			}
		],
		"name": "getToken",
		"outputs": [
			{
				"internalType": "uint256",
				"name": "",
				"type": "uint256"
			}
		],
		"stateMutability": "view",
		"type": "function"
	},
	{
		"inputs": [
			{
				"internalType": "uint256",
				"name": "x",
				"type": "uint256"
			}
		],
		"name": "log2",
		"outputs": [
			{
				"internalType": "uint256",
				"name": "result",
				"type": "uint256"
			}
		],
		"stateMutability": "pure",
		"type": "function"
	},
	{
		"inputs": [
			{
				"internalType": "uint256",
				"name": "a",
				"type": "uint256"
			},
			{
				"internalType": "uint256",
				"name": "b",
				"type": "uint256"
			}
		],
		"name": "min",
		"outputs": [
			{
				"internalType": "uint256",
				"name": "",
				"type": "uint256"
			}
		],
		"stateMutability": "pure",
		"type": "function"
	},
	{
		"inputs": [],
		"name": "owner",
		"outputs": [
			{
				"internalType": "address",
				"name": "",
				"type": "address"
			}
		],
		"stateMutability": "view",
		"type": "function"
	},
	{
		"inputs": [
			{
				"internalType": "address",
				"name": "vault",
				"type": "address"
			}
		],
		"name": "recoverToken",
		"outputs": [],
		"stateMutability": "nonpayable",
		"type": "function"
	},
	{
		"inputs": [
			{
				"internalType": "address",
				"name": "vault",
				"type": "address"
			},
			{
				"internalType": "uint256",
				"name": "initialDeposit",
				"type": "uint256"
			}
		],
		"name": "registerVault",
		"outputs": [],
		"stateMutability": "nonpayable",
		"type": "function"
	},
	{
		"inputs": [],
		"name": "renounceOwnership",
		"outputs": [],
		"stateMutability": "nonpayable",
		"type": "function"
	},
	{
		"inputs": [
			{
				"internalType": "address",
				"name": "newOwner",
				"type": "address"
			}
		],
		"name": "transferOwnership",
		"outputs": [],
		"stateMutability": "nonpayable",
		"type": "function"
	},
	{
		"inputs": [
			{
				"internalType": "address",
				"name": "vault",
				"type": "address"
			},
			{
				"internalType": "uint256",
				"name": "newAmount",
				"type": "uint256"
			}
		],
		"name": "updateDeposit",
		"outputs": [],
		"stateMutability": "nonpayable",
		"type": "function"
	},
	{
		"inputs": [
			{
				"internalType": "address",
				"name": "vault",
				"type": "address"
			}
		],
		"name": "useToken",
		"outputs": [],
		"stateMutability": "nonpayable",
		"type": "function"
	},
	{
		"inputs": [
			{
				"internalType": "address",
				"name": "",
				"type": "address"
			}
		],
		"name": "vaultStats",
		"outputs": [
			{
				"internalType": "uint256",
				"name": "token",
				"type": "uint256"
			},
			{
				"internalType": "uint256",
				"name": "lastUpdate",
				"type": "uint256"
			},
			{
				"internalType": "uint256",
				"name": "loanCount",
				"type": "uint256"
			},
			{
				"internalType": "uint256",
				"name": "deposit",
				"type": "uint256"
			}
		],
		"stateMutability": "view",
		"type": "function"
	}
]